{
    "accuracy": 0.6378693963632622,
    "precision": 0.425578247307398,
    "recall": 0.6260064063717427,
    "f1": 0.5066918926494289
}