{
    "accuracy": 0.7190915871505362,
    "precision": 0.5799644037630307,
    "recall": 0.19747208033936456,
    "f1": 0.2946267114440713
}