{
    "accuracy": 0.6387181399655358,
    "precision": 0.4265450264861683,
    "recall": 0.6273915678296251,
    "f1": 0.5078308398444343
}